all,acc_total,p_acc_max
0.8769500248017721,0.9045000068726948,0.96954
