all,acc_total,p_acc_max
0.6188082725275308,0.9151273400057108,0.67620
