all,acc_total,p_acc_max
0.5939435047330335,0.9712466282071546,0.61153
