all,acc_total,p_acc_max
0.6663267111871392,0.9628834819886832,0.69201
