all,acc_total,p_acc_max
0.7879518399422523,0.9762855897133704,0.80709
