all,acc_total,p_acc_max
0.5144166867248714,0.8696861187927425,0.59150
