all,acc_total,p_acc_max
0.6377110635876306,0.970507577621902,0.65709
