all,acc_total,p_acc_max
0.48907281074207276,0.8691738060442731,0.56269
